{
 "before_behaviour": {
  "text": "person2 looked at person3 after she said something about a page.",
  "ts": [
   0.14,
   2.37
  ]
 },
 "mid_behaviour": {
  "text": "person3 pointed out that while it was the other person's life, it was also her own.",
  "ts": [
   85.06,
   103.07
  ]
 },
 "dialogue": [
  {
   "text": "Mr. person6, have you given any more thought",
   "ts": [
    2.45,
    4.75
   ],
   "character": "person2"
  },
  {
   "text": "about the other surgical options we discussed this morning?",
   "ts": [
    4.82,
    7.88
   ],
   "character": "person2"
  },
  {
   "text": "What?",
   "ts": [
    7.96,
    9.02
   ],
   "character": "person3"
  },
  {
   "text": "Why would I? I already told you no.",
   "ts": [
    10.43,
    13.09
   ],
   "character": "Mr. person6"
  },
  {
   "text": "I'm letting you cut into my back,",
   "ts": [
    14.27,
    16.53
   ],
   "character": "Mr. person6"
  },
  {
   "text": "But that's not enough for you.",
   "ts": [
    16.6,
    18.59
   ],
   "character": "Mr. person6"
  },
  {
   "text": "All you guys ever want to do is cut.",
   "ts": [
    18.67,
    20.69
   ],
   "character": "Mr. person6"
  },
  {
   "text": "person7, just listen to what he has to say.",
   "ts": [
    20.77,
    22.6
   ],
   "character": "Ms. person6"
  },
  {
   "text": "I already listened.",
   "ts": [
    22.67,
    24.07
   ],
   "character": "Mr. person6"
  },
  {
   "text": "Sir, there's a very small window of opportunity here.",
   "ts": [
    24.91,
    27.97
   ],
   "character": "person2"
  },
  {
   "text": "Once the Parkinson's progresses to a point of dementia,",
   "ts": [
    28.05,
    30.84
   ],
   "character": "person2"
  },
  {
   "text": "you're no longer a candidate for DBS.",
   "ts": [
    30.91,
    33.11
   ],
   "character": "person2"
  },
  {
   "text": "And when I'm no longer a candidate,",
   "ts": [
    33.18,
    36.0
   ],
   "character": "Mr. person6"
  },
  {
   "text": "is that when you people will leave me the hell alone!",
   "ts": [
    36.39,
    41.55
   ],
   "character": "Mr. person6"
  },
  {
   "text": "What?",
   "ts": [
    41.63,
    42.72
   ],
   "character": "person3"
  },
  {
   "text": "Do I have to start drooling, and forget my name",
   "ts": [
    42.79,
    46.06
   ],
   "character": "Mr. person6"
  },
  {
   "text": "to get a little peace and quiet?",
   "ts": [
    46.13,
    47.83
   ],
   "character": "Mr. person6"
  },
  {
   "text": "All right. I'll check back with you later.",
   "ts": [
    48.57,
    51.5
   ],
   "character": "person1"
  },
  {
   "text": "Try to get some rest.",
   "ts": [
    51.57,
    53.06
   ],
   "character": "person2"
  },
  {
   "text": "person7, you're being unreasonable.",
   "ts": [
    53.7,
    56.83
   ],
   "character": "Ms. person6"
  },
  {
   "text": "The doctors are only trying to help you.",
   "ts": [
    56.91,
    58.93
   ],
   "character": "Ms. person6"
  },
  {
   "text": "It's my damn life, and it's my damn brain.",
   "ts": [
    59.01,
    61.67
   ],
   "character": "Mr. person6"
  },
  {
   "text": "You want me to let them cut up my brain",
   "ts": [
    61.75,
    63.91
   ],
   "character": "Mr. person6"
  },
  {
   "text": "- Dad! - I'll be at your wedding.",
   "ts": [
    66.38,
    69.62
   ],
   "character": "Ms. person6"
  },
  {
   "text": "I will sit in the back.",
   "ts": [
    69.69,
    70.95
   ],
   "character": "Mr. person6"
  },
  {
   "text": "Your uncle will walk you down the aisle.",
   "ts": [
    71.02,
    73.35
   ],
   "character": "Mr. person6"
  },
  {
   "text": "I know it's not perfect, but it's life.",
   "ts": [
    74.39,
    76.62
   ],
   "character": "Mr. person6"
  },
  {
   "text": "Life is messy sometimes.",
   "ts": [
    76.69,
    78.66
   ],
   "character": "Mr. person6"
  },
  {
   "text": "I know that.",
   "ts": [
    80.7,
    82.53
   ],
   "character": "person0"
  },
  {
   "text": "If she knows,",
   "ts": [
    86.81,
    89.3
   ],
   "character": "Mr. person6"
  },
  {
   "text": "then what the hell are we still talking for, huh?",
   "ts": [
    89.37,
    92.94
   ],
   "character": "Mr. person6"
  },
  {
   "text": "Why in hell can't she drop it?",
   "ts": [
    93.01,
    95.14
   ],
   "character": "Mr. person6"
  },
  {
   "text": "It is your life. But it's her life too.",
   "ts": [
    99.08,
    102.68
   ],
   "character": "person3"
  }
 ],
 "show_name": "grey",
 "clips_name": 126,
 "related_clips": [
  "grey_s01e06_seg02_clip_12",
  "grey_s01e06_seg02_clip_10",
  "grey_s01e06_seg02_clip_11"
 ],
 "ts": {
  "before": [
   0,
   85.06
  ],
  "precent": [
   85.06,
   103.07
  ],
  "after": [
   103.07,
   176
  ]
 },
 "answer_idx": 2,
 "a0": "Following person5's departure, person3 asks Dr. person4 if she can assist on the surgery.",
 "a1": "When person5 leaves the scrubbing room, person3 begins washing her hands at the sink.",
 "a2": "After entering the scrub room, person3 talks with Dr. person4.",
 "a3": "After person5 leaves the scrubbing room, person3 hands Dr. person4 a note.",
 "a4": "When person5 leaves the scrubbing room, person3 apologizes to Dr. person4 and leaves.",
 "personality": {
  "person0": {
   "MBTI": "ISFJ",
   "Enneagram": "9w1",
   "Big Five": "RCOAN"
  },
  "person1": {
   "MBTI": "ISTJ",
   "Enneagram": "1w2",
   "Big Five": "RCOEN"
  },
  "person2": {
   "MBTI": "ENFJ",
   "Enneagram": "3w2",
   "Big Five": "SCOAI"
  },
  "person3": {
   "MBTI": "ISFP",
   "Enneagram": "4w3",
   "Big Five": "RLUEI"
  },
  "person4": {
   "MBTI": "ESTJ",
   "Enneagram": "1w2",
   "Big Five": "SCOEI"
  }
 }
}