{
 "before_behaviour": {
  "text": "person3 darted her eyes at person0 and then back after his statement.",
  "ts": [
   0.49,
   4.2
  ]
 },
 "mid_behaviour": {
  "text": "person3 approaches person0's father after his plea with his eyes.",
  "ts": [
   47.89,
   52.02
  ]
 },
 "dialogue": [
  {
   "text": "The biopsy results were abnormal.",
   "ts": [
    21.9,
    24.34
   ],
   "character": "GEORGE"
  },
  {
   "text": "Is abnormal bad or just different?",
   "ts": [
    28.64,
    33.7
   ],
   "character": "MR. person4"
  },
  {
   "text": "person0?",
   "ts": [
    36.78,
    37.81
   ],
   "character": "MR. person4"
  }
 ],
 "show_name": "grey",
 "clips_name": 268,
 "related_clips": [
  "grey_s03e08_seg02_clip_14",
  "grey_s03e08_seg02_clip_15"
 ],
 "ts": {
  "before": [
   0,
   47.89
  ],
  "precent": [
   47.89,
   52.02
  ],
  "after": [
   52.02,
   131
  ]
 },
 "answer_idx": 0,
 "a0": "person0 is feeling sad due to his father's cancer diagnosis and the fact that person2 has slept with person1.",
 "a1": "person0 is experiencing sadness because he is being bullied by his brothers.",
 "a2": "person0 is feeling sad because he has gotten into trouble.",
 "a3": "person0 is feeling sad because he feels alone and has nobody to turn to.",
 "a4": "person0 is not currently experiencing any sadness.",
 "personality": {
  "person0": {
   "MBTI": "ISFJ",
   "Enneagram": "9w1",
   "Big Five": "RCOAN"
  },
  "person1": {
   "MBTI": "ESTP",
   "Enneagram": "7w8",
   "Big Five": "SLOAN"
  },
  "person2": {
   "MBTI": "ESFP",
   "Enneagram": "7w8",
   "Big Five": "SLUAI"
  },
  "person3": {
   "MBTI": "ISTP",
   "Enneagram": "3w4",
   "Big Five": "RCOEN"
  }
 }
}