{
 "before_behaviour": {
  "text": "person0 told person4 to shut up after he said dude.",
  "ts": [
   0.56,
   8.15
  ]
 },
 "mid_behaviour": {
  "text": "person6 and person0 were preparing for their medical duties by scrubbing their hands as person5 arrived.",
  "ts": [
   146.47,
   155.0
  ]
 },
 "dialogue": [
  {
   "text": "person11.",
   "ts": [
    3.93,
    5.26
   ],
   "character": "person4"
  },
  {
   "text": "Shut up.",
   "ts": [
    5.33,
    7.02
   ],
   "character": "person6"
  },
  {
   "text": "How's your back?",
   "ts": [
    19.31,
    21.04
   ],
   "character": "person2"
  },
  {
   "text": "- Still good. - Good. How are you?",
   "ts": [
    21.11,
    22.91
   ],
   "character": "Mr. person9"
  },
  {
   "text": "Can you lean forward for me? I want to check something.",
   "ts": [
    22.98,
    25.78
   ],
   "character": "person2"
  },
  {
   "text": "- Does that feel OK? - Yeah.",
   "ts": [
    25.85,
    27.41
   ],
   "character": "person2"
  },
  {
   "text": "- Right here? - Did you page?",
   "ts": [
    27.48,
    30.01
   ],
   "character": "person2"
  },
  {
   "text": "Mr. person9, have you given any more thought",
   "ts": [
    31.45,
    33.75
   ],
   "character": "person2"
  },
  {
   "text": "about the other surgical options we discussed this morning?",
   "ts": [
    33.82,
    36.88
   ],
   "character": "person2"
  },
  {
   "text": "What?",
   "ts": [
    36.96,
    38.02
   ],
   "character": "person3"
  },
  {
   "text": "Why would I? I already told you no.",
   "ts": [
    39.43,
    42.09
   ],
   "character": "Mr. person9"
  },
  {
   "text": "I'm letting you cut into my back,",
   "ts": [
    43.27,
    45.53
   ],
   "character": "Mr. person9"
  },
  {
   "text": "But that's not enough for you.",
   "ts": [
    45.6,
    47.59
   ],
   "character": "Mr. person9"
  },
  {
   "text": "All you guys ever want to do is cut.",
   "ts": [
    47.67,
    49.69
   ],
   "character": "Mr. person9"
  },
  {
   "text": "person10, just listen to what he has to say.",
   "ts": [
    49.77,
    51.6
   ],
   "character": "Ms. person9"
  },
  {
   "text": "I already listened.",
   "ts": [
    51.67,
    53.07
   ],
   "character": "Mr. person9"
  },
  {
   "text": "Sir, there's a very small window of opportunity here.",
   "ts": [
    53.91,
    56.97
   ],
   "character": "person2"
  },
  {
   "text": "Once the Parkinson's progresses to a point of dementia,",
   "ts": [
    57.05,
    59.84
   ],
   "character": "person2"
  },
  {
   "text": "you're no longer a candidate for DBS.",
   "ts": [
    59.91,
    62.11
   ],
   "character": "person2"
  },
  {
   "text": "And when I'm no longer a candidate,",
   "ts": [
    62.18,
    65.0
   ],
   "character": "Mr. person9"
  },
  {
   "text": "is that when you people will leave me the hell alone!",
   "ts": [
    65.39,
    70.55
   ],
   "character": "Mr. person9"
  },
  {
   "text": "What?",
   "ts": [
    70.63,
    71.72
   ],
   "character": "person3"
  },
  {
   "text": "Do I have to start drooling, and forget my name",
   "ts": [
    71.79,
    75.06
   ],
   "character": "Mr. person9"
  },
  {
   "text": "to get a little peace and quiet?",
   "ts": [
    75.13,
    76.83
   ],
   "character": "Mr. person9"
  },
  {
   "text": "All right. I'll check back with you later.",
   "ts": [
    77.57,
    80.5
   ],
   "character": "person1"
  },
  {
   "text": "Try to get some rest.",
   "ts": [
    80.57,
    82.06
   ],
   "character": "person2"
  },
  {
   "text": "person10, you're being unreasonable.",
   "ts": [
    82.7,
    85.83
   ],
   "character": "Ms. person9"
  },
  {
   "text": "The doctors are only trying to help you.",
   "ts": [
    85.91,
    87.93
   ],
   "character": "Ms. person9"
  },
  {
   "text": "It's my damn life, and it's my damn brain.",
   "ts": [
    88.01,
    90.67
   ],
   "character": "Mr. person9"
  },
  {
   "text": "You want me to let them cut up my brain",
   "ts": [
    90.75,
    92.91
   ],
   "character": "Mr. person9"
  },
  {
   "text": "- Dad! - I'll be at your wedding.",
   "ts": [
    95.38,
    98.62
   ],
   "character": "Ms. person9"
  },
  {
   "text": "I will sit in the back.",
   "ts": [
    98.69,
    99.95
   ],
   "character": "Mr. person9"
  },
  {
   "text": "Your uncle will walk you down the aisle.",
   "ts": [
    100.02,
    102.35
   ],
   "character": "Mr. person9"
  },
  {
   "text": "I know it's not perfect, but it's life.",
   "ts": [
    103.39,
    105.62
   ],
   "character": "Mr. person9"
  },
  {
   "text": "Life is messy sometimes.",
   "ts": [
    105.69,
    107.66
   ],
   "character": "Mr. person9"
  },
  {
   "text": "I know that.",
   "ts": [
    109.7,
    111.53
   ],
   "character": "person0"
  },
  {
   "text": "If she knows,",
   "ts": [
    115.81,
    118.3
   ],
   "character": "Mr. person9"
  },
  {
   "text": "then what the hell are we still talking for, huh?",
   "ts": [
    118.37,
    121.94
   ],
   "character": "Mr. person9"
  },
  {
   "text": "Why in hell can't she drop it?",
   "ts": [
    122.01,
    124.14
   ],
   "character": "Mr. person9"
  },
  {
   "text": "It is your life. But it's her life too.",
   "ts": [
    128.08,
    131.68
   ],
   "character": "person3"
  },
  {
   "text": "And you have a chance to get better here.",
   "ts": [
    131.75,
    134.59
   ],
   "character": "person3"
  },
  {
   "text": "And all she's asking you to do is try.",
   "ts": [
    134.66,
    138.02
   ],
   "character": "person3"
  },
  {
   "text": "If they pull this off, I'm totally calling person7.",
   "ts": [
    146.4,
    148.87
   ],
   "character": "person6"
  },
  {
   "text": "You two been working out?",
   "ts": [
    150.24,
    152.07
   ],
   "character": "person5"
  }
 ],
 "show_name": "grey",
 "clips_name": 125,
 "related_clips": [
  "grey_s01e06_seg02_clip_12",
  "grey_s01e06_seg02_clip_10",
  "grey_s01e06_seg02_clip_11"
 ],
 "ts": {
  "before": [
   0,
   146.47
  ],
  "precent": [
   146.47,
   155.0
  ],
  "after": [
   155.0,
   205
  ]
 },
 "answer_idx": 4,
 "a0": "After person8 leaves the scrubbing room, person3 hands Dr. person5 a note.",
 "a1": "When person8 leaves the scrubbing room, person3 apologizes to Dr. person5 and leaves.",
 "a2": "Following person8's departure, person3 asks Dr. person5 if she can assist on the surgery.",
 "a3": "When person8 leaves the scrubbing room, person3 begins washing her hands at the sink.",
 "a4": "After entering the scrub room, person3 talks with Dr. person5.",
 "personality": {
  "person0": {
   "MBTI": "ISFJ",
   "Enneagram": "9w1",
   "Big Five": "RCOAN"
  },
  "person1": {
   "MBTI": "ISTJ",
   "Enneagram": "1w2",
   "Big Five": "RCOEN"
  },
  "person2": {
   "MBTI": "ENFJ",
   "Enneagram": "3w2",
   "Big Five": "SCOAI"
  },
  "person3": {
   "MBTI": "ISFP",
   "Enneagram": "4w3",
   "Big Five": "RLUEI"
  },
  "person4": {
   "MBTI": "ISTP",
   "Enneagram": "8w9",
   "Big Five": "RLUEN"
  },
  "person5": {
   "MBTI": "ESTJ",
   "Enneagram": "1w2",
   "Big Five": "SCOEI"
  },
  "person6": {
   "MBTI": "ISTP",
   "Enneagram": "3w4",
   "Big Five": "RCOEN"
  }
 }
}