{
 "before_behaviour": {
  "text": "person0 is talking about his roommate.",
  "ts": [
   0.79,
   5.24
  ]
 },
 "mid_behaviour": {
  "text": "person0 told person5 to shut up after he said dude.",
  "ts": [
   108.56,
   116.15
  ]
 },
 "dialogue": [
  {
   "text": "She probably wouldn't go out with me, anyway, but...",
   "ts": [
    1.65,
    4.45
   ],
   "character": "person0"
  },
  {
   "text": "How do I know that for sure,",
   "ts": [
    4.52,
    6.71
   ],
   "character": "person0"
  },
  {
   "text": "if I don't ever ask?",
   "ts": [
    6.79,
    10.05
   ],
   "character": "person0"
  },
  {
   "text": "Seriously?",
   "ts": [
    11.09,
    12.49
   ],
   "character": "person8"
  },
  {
   "text": "You're equating your pathetic love life with my record-breaking tumor?",
   "ts": [
    12.56,
    16.16
   ],
   "character": "person8"
  },
  {
   "text": "Seriously?",
   "ts": [
    17.5,
    19.47
   ],
   "character": "person8"
  },
  {
   "text": " Walk or Ride]",
   "ts": [
    19.53,
    21.93
   ],
   "character": "[- person7"
  },
  {
   "text": "It's just that he blatantly favors me in front of her",
   "ts": [
    22.0,
    25.46
   ],
   "character": "person3"
  },
  {
   "text": "and then blatantly dismisses me.",
   "ts": [
    25.54,
    27.27
   ],
   "character": "person3"
  },
  {
   "text": "How do you know he was favoring you?",
   "ts": [
    27.34,
    29.97
   ],
   "character": "person6"
  },
  {
   "text": "Look, you've got a brain. You got into this program.",
   "ts": [
    30.04,
    33.01
   ],
   "character": "person6"
  },
  {
   "text": "doesn't mean you didn't deserve what you worked for.",
   "ts": [
    34.82,
    37.51
   ],
   "character": "person6"
  },
  {
   "text": "But he's making me look bad.",
   "ts": [
    37.59,
    39.71
   ],
   "character": "person3"
  },
  {
   "text": "I have to end it.",
   "ts": [
    39.79,
    41.15
   ],
   "character": "person3"
  },
  {
   "text": "- Right. - It's over.",
   "ts": [
    41.22,
    43.52
   ],
   "character": "person3"
  },
  {
   "text": "Is it true you get to scrub in on that tumor?",
   "ts": [
    44.49,
    46.82
   ],
   "character": "person5"
  },
  {
   "text": "- Don't sit here. - You get to scrub in?",
   "ts": [
    46.9,
    49.16
   ],
   "character": "person6"
  },
  {
   "text": "How psyched are you?",
   "ts": [
    49.23,
    50.7
   ],
   "character": "person1"
  },
  {
   "text": "On a scale of one to ecstatic, ecstatic.",
   "ts": [
    50.77,
    54.2
   ],
   "character": "person6"
  },
  {
   "text": "I think person2 wants to get into your scrubs.",
   "ts": [
    54.27,
    56.74
   ],
   "character": "person5"
  },
  {
   "text": "Why are you sitting here?",
   "ts": [
    56.8,
    58.13
   ],
   "character": "person6"
  },
  {
   "text": "He kicked me off that surgery for the same crap you pull every day.",
   "ts": [
    58.21,
    61.37
   ],
   "character": "person5"
  },
  {
   "text": "If I stuck this fork into his thigh, would I get in trouble?",
   "ts": [
    61.44,
    64.93
   ],
   "character": "person6"
  },
  {
   "text": "Not if you make it look like an accident.",
   "ts": [
    65.01,
    67.04
   ],
   "character": "person3"
  },
  {
   "text": "- Hey. - Hi!",
   "ts": [
    67.11,
    68.61
   ],
   "character": "person3"
  },
  {
   "text": "Thank God, man. I'm drowning in estrogen here.",
   "ts": [
    69.52,
    72.35
   ],
   "character": "person5"
  },
  {
   "text": "person10's a jackass.",
   "ts": [
    76.72,
    78.39
   ],
   "character": "person3"
  },
  {
   "text": "Really? I think he's kind of great.",
   "ts": [
    78.46,
    80.36
   ],
   "character": "person1"
  },
  {
   "text": "He reamed her out in front of person4.",
   "ts": [
    80.43,
    82.56
   ],
   "character": "person6"
  },
  {
   "text": "- Oh. - [Tray clattering]",
   "ts": [
    84.93,
    86.87
   ],
   "character": "person6"
  },
  {
   "text": "if you drink alcohol, I mean, we could",
   "ts": [
    92.47,
    95.37
   ],
   "character": "person0"
  },
  {
   "text": "all of us, I mean, go out and drink alcohol...",
   "ts": [
    95.44,
    100.54
   ],
   "character": "person0"
  },
  {
   "text": "Because of the bad day.",
   "ts": [
    100.61,
    102.84
   ],
   "character": "person0"
  },
  {
   "text": "I got to go.",
   "ts": [
    107.02,
    108.99
   ],
   "character": "person3"
  },
  {
   "text": "person9.",
   "ts": [
    111.93,
    113.26
   ],
   "character": "person5"
  },
  {
   "text": "Shut up.",
   "ts": [
    113.33,
    115.02
   ],
   "character": "person6"
  }
 ],
 "show_name": "grey",
 "clips_name": 498,
 "related_clips": [
  "grey_s01e06_seg02_clip_10",
  "grey_s01e06_seg02_clip_09",
  "grey_s01e06_seg02_clip_11"
 ],
 "ts": {
  "before": [
   0,
   108.56
  ],
  "precent": [
   108.56,
   116.15
  ],
  "after": [
   116.15,
   263
  ]
 },
 "answer_idx": 3,
 "a0": "When person4 walked in, person6 and person0 were busy filling out patient charts.",
 "a1": "At the time of person4's entrance, person6 and person0 were not eating lunch, but rather were focused on their medical tasks.",
 "a2": "person4 caught person6 and person0 kissing in the room.",
 "a3": "person6 and person0 were preparing for their medical duties by scrubbing their hands as person4 arrived.",
 "a4": "person6 and person0 were performing sutures on a wound when person4 entered the room.",
 "personality": {
  "person0": {
   "MBTI": "ISFJ",
   "Enneagram": "9w1",
   "Big Five": "RCOAN"
  },
  "person1": {
   "MBTI": "ESFJ",
   "Enneagram": "2w1",
   "Big Five": "SLOAN"
  },
  "person2": {
   "MBTI": "ISTJ",
   "Enneagram": "1w2",
   "Big Five": "RCOEN"
  },
  "person3": {
   "MBTI": "ISFP",
   "Enneagram": "4w3",
   "Big Five": "RLUEI"
  },
  "person4": {
   "MBTI": "ESTJ",
   "Enneagram": "1w2",
   "Big Five": "SCOEI"
  },
  "person5": {
   "MBTI": "ISTP",
   "Enneagram": "8w9",
   "Big Five": "RLUEN"
  },
  "person6": {
   "MBTI": "ISTP",
   "Enneagram": "3w4",
   "Big Five": "RCOEN"
  }
 }
}