{
 "before_behaviour": {
  "text": "Mrs. person6 is seen to bend down to collect items from the table while conversing with person3 about person8.",
  "ts": [
   0.65,
   8.18
  ]
 },
 "mid_behaviour": {
  "text": "person3 resorts to name-calling and refers to person4 as a bitch while discussing the heart procedure.",
  "ts": [
   53.21,
   61.12
  ]
 },
 "dialogue": [
  {
   "text": "We fired person8.",
   "ts": [
    8.59,
    10.22
   ],
   "character": "MRS. person7"
  },
  {
   "text": "Oh.",
   "ts": [
    10.3,
    11.66
   ],
   "character": "person5"
  },
  {
   "text": "That's my fault, according to my husband,",
   "ts": [
    14.5,
    16.0
   ],
   "character": "MRS. person7"
  },
  {
   "text": "because I'm a working mother.",
   "ts": [
    16.67,
    18.23
   ],
   "character": "MRS. person7"
  },
  {
   "text": "I love my job. I love person9 more.",
   "ts": [
    21.58,
    25.53
   ],
   "character": "MRS. person7"
  },
  {
   "text": "I love my daughter and I love my job.",
   "ts": [
    30.02,
    33.21
   ],
   "character": "MRS. person7"
  },
  {
   "text": "I'm not good at the mom stuff, but I'm good at my job.",
   "ts": [
    33.29,
    37.88
   ],
   "character": "MRS. person7"
  },
  {
   "text": "- You did what? - What's wrong with person1?",
   "ts": [
    47.7,
    49.9
   ],
   "character": "CHRISTINA"
  },
  {
   "text": "He let her decannulate a heart.",
   "ts": [
    51.7,
    53.97
   ],
   "character": "GEORGE"
  },
  {
   "text": "You decannulated a heart this morning? By yourself?",
   "ts": [
    54.04,
    57.57
   ],
   "character": "GEORGE"
  },
  {
   "text": "- Bitch. - No, not by myself.",
   "ts": [
    57.64,
    60.08
   ],
   "character": "MEREDITH"
  }
 ],
 "show_name": "grey",
 "clips_name": 44,
 "related_clips": [
  "grey_s03e08_seg02_clip_12",
  "grey_s03e08_seg02_clip_11",
  "grey_s03e08_seg02_clip_13"
 ],
 "ts": {
  "before": [
   0,
   53.21
  ],
  "precent": [
   53.21,
   61.12
  ],
  "after": [
   61.12,
   151
  ]
 },
 "answer_idx": 0,
 "a0": "person3 suggests that there is a wedge between person0 and person2.",
 "a1": "person3 thinks there is a bridge between person0 and person2.",
 "a2": "According to person3, there is a moat between person0 and person2.",
 "a3": "person3 believes that there is a river between person0 and person2.",
 "a4": "person3's opinion is that there is an animal between person0 and person2.",
 "personality": {
  "person0": {
   "MBTI": "ENFJ",
   "Enneagram": "9w8",
   "Big Five": "SLOAI"
  },
  "person1": {
   "MBTI": "ISTJ",
   "Enneagram": "1w2",
   "Big Five": "RCOEN"
  },
  "person2": {
   "MBTI": "ESFJ",
   "Enneagram": "6w7",
   "Big Five": "SLOAN"
  },
  "person3": {
   "MBTI": "ISFP",
   "Enneagram": "4w3",
   "Big Five": "RLUEI"
  },
  "person4": {
   "MBTI": "ISTP",
   "Enneagram": "3w4",
   "Big Five": "RCOEN"
  }
 }
}