{
 "before_behaviour": {
  "text": "person3 is about to put her hair up while person1 is talking with the patient.",
  "ts": [
   0.2,
   18.23
  ]
 },
 "mid_behaviour": {
  "text": "person4 suggests comparing his boobs to person1's boobs to establish that they feel real.",
  "ts": [
   87.02,
   94.55
  ]
 },
 "dialogue": [
  {
   "text": "Do they still look lopsided? I mean, from the seroma?",
   "ts": [
    12.97,
    17.34
   ],
   "character": "FRANK"
  },
  {
   "text": "- Most of the swelling has gone down. - Yeah? Oh, yeah.",
   "ts": [
    17.41,
    22.07
   ],
   "character": "ALEX"
  },
  {
   "text": "person4 would like a woman's perspective.",
   "ts": [
    24.88,
    27.54
   ],
   "character": "FRANK"
  },
  {
   "text": "- You're just looking. - Nice!",
   "ts": [
    27.62,
    30.38
   ],
   "character": "ALEX"
  },
  {
   "text": "Uh, yep. Looks pretty even to me. Very defined.",
   "ts": [
    32.42,
    34.79
   ],
   "character": "IZZIE"
  },
  {
   "text": "The redness should go away in a couple of days.",
   "ts": [
    34.86,
    37.19
   ],
   "character": "person6"
  },
  {
   "text": "person4 got them for his girlfriend. She won't see them till they're perfect.",
   "ts": [
    39.46,
    43.33
   ],
   "character": "FRANK"
  },
  {
   "text": "person4 sees the signs of discontent, person4's fighting back.",
   "ts": [
    64.92,
    69.12
   ],
   "character": "FRANK"
  },
  {
   "text": "Oh, yeah.",
   "ts": [
    69.19,
    70.45
   ],
   "character": "FRANK"
  },
  {
   "text": "I just don't get the whole fake boob thing. No offense.",
   "ts": [
    70.53,
    73.79
   ],
   "character": "person6"
  },
  {
   "text": "These are top of the line. They look real, they feel natural.",
   "ts": [
    73.86,
    78.7
   ],
   "character": "FRANK"
  },
  {
   "text": "No, really. Feel them. Really.",
   "ts": [
    78.77,
    82.36
   ],
   "character": "FRANK"
  },
  {
   "text": "Ooh.",
   "ts": [
    86.11,
    87.44
   ],
   "character": "person6"
  },
  {
   "text": "- Very solid. - And real.",
   "ts": [
    87.51,
    89.44
   ],
   "character": "person6"
  },
  {
   "text": "- I don't know about that. - Well, compare them to his.",
   "ts": [
    89.51,
    92.48
   ],
   "character": "person6"
  },
  {
   "text": "- I'm not involved. - Come on.",
   "ts": [
    92.55,
    94.38
   ],
   "character": "ALEX"
  }
 ],
 "show_name": "grey",
 "clips_name": 76,
 "related_clips": [
  "grey_s03e08_seg02_clip_12",
  "grey_s03e08_seg02_clip_11",
  "grey_s03e08_seg02_clip_10"
 ],
 "ts": {
  "before": [
   0,
   87.02
  ],
  "precent": [
   87.02,
   94.55
  ],
  "after": [
   94.55,
   216
  ]
 },
 "answer_idx": 0,
 "a0": "When talking to each other, person1 and person0 are referring to themselves in the third person.",
 "a1": "person1 and person0 are speaking in English accents when they're leaning up against the brick wall.",
 "a2": "When leaning against the brick wall, person1 and person0 are speaking in a low whisper.",
 "a3": "person1 and person0 are speaking in a foreign language while leaning up against the brick wall.",
 "a4": "Leaning up against the brick wall, person1 and person0 are speaking in sing-song voices.",
 "personality": {
  "person0": {
   "MBTI": "ESFJ",
   "Enneagram": "2w1",
   "Big Five": "SLOAN"
  },
  "person1": {
   "MBTI": "ISTP",
   "Enneagram": "8w9",
   "Big Five": "RLUEN"
  }
 }
}