{
 "before_behaviour": {
  "text": "person5 and person0 were preparing for their medical duties by scrubbing their hands as person4 arrived.",
  "ts": [
   0.47,
   9.0
  ]
 },
 "mid_behaviour": {
  "text": "After entering the scrub room, person3 talks with Dr. person4.",
  "ts": [
   50.33,
   58.13
  ]
 },
 "dialogue": [
  {
   "text": "If they pull this off, I'm totally calling person6.",
   "ts": [
    0.4,
    2.87
   ],
   "character": "person5"
  },
  {
   "text": "You two been working out?",
   "ts": [
    4.24,
    6.07
   ],
   "character": "person4"
  },
  {
   "text": "and I try to take the stairs whenever possible.",
   "ts": [
    9.08,
    11.48
   ],
   "character": "person0"
  },
  {
   "text": "See that large pile of tumor?",
   "ts": [
    12.81,
    14.54
   ],
   "character": "person4"
  },
  {
   "text": "You're going to be retracting it for the next 14 hours,",
   "ts": [
    14.62,
    17.45
   ],
   "character": "person4"
  },
  {
   "text": "so I'm just saying I hope you have strong backs.",
   "ts": [
    17.52,
    20.51
   ],
   "character": "person4"
  },
  {
   "text": "Dr. person7.",
   "ts": [
    23.62,
    24.68
   ],
   "character": "person3"
  },
  {
   "text": "Yes?",
   "ts": [
    25.39,
    26.66
   ],
   "character": "person2"
  },
  {
   "text": "Mr. person8 has agreed to DBS.",
   "ts": [
    26.73,
    29.22
   ],
   "character": "person3"
  },
  {
   "text": "If we do it today.",
   "ts": [
    29.3,
    32.06
   ],
   "character": "person3"
  },
  {
   "text": "If he leaves, he won't come back.",
   "ts": [
    32.13,
    34.62
   ],
   "character": "person3"
  },
  {
   "text": "Don't worry, Dr. person7.",
   "ts": [
    38.27,
    40.54
   ],
   "character": "person1"
  },
  {
   "text": "It'll take hours before we get around to the spine.",
   "ts": [
    40.61,
    43.37
   ],
   "character": "person1"
  },
  {
   "text": "- I'll page you. - All right, then.",
   "ts": [
    43.44,
    47.01
   ],
   "character": "person1"
  },
  {
   "text": "Let's do it.",
   "ts": [
    50.35,
    51.84
   ],
   "character": "person2"
  }
 ],
 "show_name": "grey",
 "clips_name": 1,
 "related_clips": [
  "grey_s01e06_seg02_clip_12",
  "grey_s01e06_seg02_clip_11"
 ],
 "ts": {
  "before": [
   0,
   50.33
  ],
  "precent": [
   50.33,
   58.13
  ],
  "after": [
   58.13,
   88
  ]
 },
 "answer_idx": 4,
 "a0": "person3 apologized to person4 for borrowing her car.",
 "a1": "person3 apologized to person4 for calling out.",
 "a2": "person3 apologized to person4 for asking the boss to help with another procedure.",
 "a3": "person3 apologized to person4 for stealing her boyfriend.",
 "a4": "person3 explained to person4 that she is sleeping with the boss and wanted to clarify that she didn't know who he was when they first met.",
 "personality": {
  "person0": {
   "MBTI": "ISFJ",
   "Enneagram": "9w1",
   "Big Five": "RCOAN"
  },
  "person1": {
   "MBTI": "ISTJ",
   "Enneagram": "1w2",
   "Big Five": "RCOEN"
  },
  "person2": {
   "MBTI": "ENFJ",
   "Enneagram": "3w2",
   "Big Five": "SCOAI"
  },
  "person3": {
   "MBTI": "ISFP",
   "Enneagram": "4w3",
   "Big Five": "RLUEI"
  },
  "person4": {
   "MBTI": "ESTJ",
   "Enneagram": "1w2",
   "Big Five": "SCOEI"
  },
  "person5": {
   "MBTI": "ISTP",
   "Enneagram": "3w4",
   "Big Five": "RCOEN"
  }
 }
}