{
 "before_behaviour": {
  "text": "person4 suggests that there is a wedge between person1 and person3.",
  "ts": [
   0.64,
   6.34
  ]
 },
 "mid_behaviour": {
  "text": "person6 looks at person0 when he mentions Dr. person3.",
  "ts": [
   63.71,
   66.18
  ]
 },
 "dialogue": [
  {
   "text": "That's what marriage is built on. Change keeps marriage alive.",
   "ts": [
    9.87,
    13.27
   ],
   "character": "person7"
  },
  {
   "text": "...helping me.",
   "ts": [
    16.05,
    17.41
   ],
   "character": "CHIEF"
  },
  {
   "text": "I want her back.",
   "ts": [
    20.52,
    22.18
   ],
   "character": "CHIEF"
  },
  {
   "text": "I don't want my marriage to be over.",
   "ts": [
    23.42,
    25.35
   ],
   "character": "CHIEF"
  },
  {
   "text": "person1, your marriage isn't over until you decide it is.",
   "ts": [
    25.42,
    30.45
   ],
   "character": "person7"
  },
  {
   "text": "Until you decide that...",
   "ts": [
    30.53,
    33.52
   ],
   "character": "person7"
  },
  {
   "text": "...the sacrifice just isn't worth it.",
   "ts": [
    33.6,
    35.69
   ],
   "character": "person7"
  },
  {
   "text": "Right.",
   "ts": [
    35.77,
    37.56
   ],
   "character": "MEREDITH"
  },
  {
   "text": "Come in.",
   "ts": [
    37.64,
    39.76
   ],
   "character": "CHIEF"
  },
  {
   "text": "Oh, person6. What is it?",
   "ts": [
    39.84,
    42.14
   ],
   "character": "CHIEF"
  },
  {
   "text": "- O'Malley. - Yeah.",
   "ts": [
    46.94,
    49.28
   ],
   "character": "BAILEY"
  },
  {
   "text": "I have your father's test results.",
   "ts": [
    50.18,
    60.0
   ],
   "character": "CHIEF"
  }
 ],
 "show_name": "grey",
 "clips_name": 269,
 "related_clips": [
  "grey_s03e08_seg02_clip_14",
  "grey_s03e08_seg02_clip_13"
 ],
 "ts": {
  "before": [
   0,
   63.71
  ],
  "precent": [
   63.71,
   66.18
  ],
  "after": [
   66.18,
   72
  ]
 },
 "answer_idx": 2,
 "a0": "Upon hearing person8's comment about his lack of medical credentials, person0 hugs person2.",
 "a1": "person0 becomes emotional and cries when person8 says he's not a real doctor.",
 "a2": "person0 looks downwards after person8 denies his status as a real doctor.",
 "a3": "When person8 tells him he's not a real doctor, person0 responds by hugging person5.",
 "a4": "person0's reaction to person8's statement that he's not a real doctor is to punch him.",
 "personality": {
  "person0": {
   "MBTI": "ISFJ",
   "Enneagram": "9w1",
   "Big Five": "RCOAN"
  },
  "person1": {
   "MBTI": "ENFJ",
   "Enneagram": "9w8",
   "Big Five": "SLOAI"
  },
  "person2": {
   "MBTI": "ESFJ",
   "Enneagram": "2w1",
   "Big Five": "SLOAN"
  },
  "person3": {
   "MBTI": "ESFJ",
   "Enneagram": "6w7",
   "Big Five": "SLOAN"
  },
  "person4": {
   "MBTI": "ISFP",
   "Enneagram": "4w3",
   "Big Five": "RLUEI"
  },
  "person5": {
   "MBTI": "ESFP",
   "Enneagram": "7w8",
   "Big Five": "SLUAI"
  },
  "person6": {
   "MBTI": "ISTP",
   "Enneagram": "3w4",
   "Big Five": "RCOEN"
  }
 }
}