{
 "before_behaviour": {
  "text": "person0 is feeling sad due to his father's cancer diagnosis and the fact that person6 has slept with person4.",
  "ts": [
   0.78,
   34.45
  ]
 },
 "mid_behaviour": {
  "text": "person0 was uncomfortable when talking to person3 and person5 because they were discussing woman stuff.",
  "ts": [
   55.81,
   62.59
  ]
 },
 "dialogue": [
  {
   "text": "And my brothers are...",
   "ts": [
    2.34,
    5.94
   ],
   "character": "GEORGE"
  },
  {
   "text": "I just can't...",
   "ts": [
    12.35,
    13.95
   ],
   "character": "person8"
  },
  {
   "text": "I just can't...",
   "ts": [
    14.52,
    17.39
   ],
   "character": "person8"
  },
  {
   "text": "I can't deal with any of it.",
   "ts": [
    18.26,
    21.16
   ],
   "character": "GEORGE"
  },
  {
   "text": "Nobody gets it right with their own family.",
   "ts": [
    45.32,
    47.85
   ],
   "character": "person10"
  },
  {
   "text": "- I certainly don't. - Yeah.",
   "ts": [
    47.92,
    51.16
   ],
   "character": "person9"
  },
  {
   "text": "Yeah.",
   "ts": [
    52.26,
    54.0
   ],
   "character": "BROTHER 2"
  },
  {
   "text": "person6 slept with person1?",
   "ts": [
    54.16,
    56.96
   ],
   "character": "person10"
  },
  {
   "text": "I don't get you people.",
   "ts": [
    57.03,
    59.9
   ],
   "character": "GEORGE"
  }
 ],
 "show_name": "grey",
 "clips_name": 26,
 "related_clips": [
  "grey_s03e08_seg02_clip_16",
  "grey_s03e08_seg02_clip_17",
  "grey_s03e08_seg02_clip_15"
 ],
 "ts": {
  "before": [
   0,
   55.81
  ],
  "precent": [
   55.81,
   62.59
  ],
  "after": [
   62.59,
   165
  ]
 },
 "answer_idx": 1,
 "a0": "person0's father's comment prompted person7 to hug person5 in surprise.",
 "a1": "person7 looked at person0's father in shock after he called her the best intern.",
 "a2": "After person0's father complimented her as the best intern, person7 kissed person2.",
 "a3": "Upon hearing person0's father's praise, person7 proceeded to dance with person2.",
 "a4": "person7 responded to the compliment from person0's father by giving person2 a warm hug.",
 "personality": {
  "person0": {
   "MBTI": "ISFJ",
   "Enneagram": "9w1",
   "Big Five": "RCOAN"
  },
  "person1": {
   "MBTI": "ESFP",
   "Enneagram": "7w6",
   "Big Five": "SLOAN"
  },
  "person2": {
   "MBTI": "ISTJ",
   "Enneagram": "1w2",
   "Big Five": "RCOEN"
  },
  "person3": {
   "MBTI": "ESFJ",
   "Enneagram": "2w1",
   "Big Five": "SLOAN"
  },
  "person4": {
   "MBTI": "ESTP",
   "Enneagram": "7w8",
   "Big Five": "SLOAN"
  },
  "person5": {
   "MBTI": "ISFP",
   "Enneagram": "4w3",
   "Big Five": "RLUEI"
  },
  "person6": {
   "MBTI": "ESFP",
   "Enneagram": "7w8",
   "Big Five": "SLUAI"
  },
  "person7": {
   "MBTI": "ISTP",
   "Enneagram": "3w4",
   "Big Five": "RCOEN"
  }
 }
}