{
 "before_behaviour": {
  "text": "person7 approaches person0's father after his plea with his eyes.",
  "ts": [
   0.89,
   5.02
  ]
 },
 "mid_behaviour": {
  "text": "person0 is feeling sad due to his father's cancer diagnosis and the fact that person6 has slept with person4.",
  "ts": [
   49.78,
   83.45
  ]
 },
 "dialogue": [
  {
   "text": "which has spread to your stomach.",
   "ts": [
    8.77,
    10.57
   ],
   "character": "CHRISTINA"
  },
  {
   "text": "and you'll need to undergo chemotherapy and radiation.",
   "ts": [
    12.51,
    16.14
   ],
   "character": "CHRISTINA"
  },
  {
   "text": "I'm sorry.",
   "ts": [
    16.21,
    17.77
   ],
   "character": "person8"
  },
  {
   "text": "And my brothers are...",
   "ts": [
    51.34,
    54.94
   ],
   "character": "GEORGE"
  },
  {
   "text": "I just can't...",
   "ts": [
    61.35,
    62.95
   ],
   "character": "person9"
  },
  {
   "text": "I just can't...",
   "ts": [
    63.52,
    66.39
   ],
   "character": "person9"
  },
  {
   "text": "I can't deal with any of it.",
   "ts": [
    67.26,
    70.16
   ],
   "character": "GEORGE"
  }
 ],
 "show_name": "grey",
 "clips_name": 147,
 "related_clips": [
  "grey_s03e08_seg02_clip_16",
  "grey_s03e08_seg02_clip_14",
  "grey_s03e08_seg02_clip_15"
 ],
 "ts": {
  "before": [
   0,
   49.78
  ],
  "precent": [
   49.78,
   83.45
  ],
  "after": [
   83.45,
   112
  ]
 },
 "answer_idx": 1,
 "a0": "person0 was uncomfortable when talking to person3 and person5 because person5 was burping.",
 "a1": "person0 was uncomfortable when talking to person3 and person5 because they were discussing woman stuff.",
 "a2": "person0 was uncomfortable when talking to person3 and person5 because person5 was farting.",
 "a3": "person0 was uncomfortable when talking to person3 and person5 because they wanted to kiss him.",
 "a4": "person0 was uncomfortable when talking to person3 and person5 because person3 was in love with him.",
 "personality": {
  "person0": {
   "MBTI": "ISFJ",
   "Enneagram": "9w1",
   "Big Five": "RCOAN"
  },
  "person1": {
   "MBTI": "ESFP",
   "Enneagram": "7w6",
   "Big Five": "SLOAN"
  },
  "person2": {
   "MBTI": "ISTJ",
   "Enneagram": "1w2",
   "Big Five": "RCOEN"
  },
  "person3": {
   "MBTI": "ESFJ",
   "Enneagram": "2w1",
   "Big Five": "SLOAN"
  },
  "person4": {
   "MBTI": "ESTP",
   "Enneagram": "7w8",
   "Big Five": "SLOAN"
  },
  "person5": {
   "MBTI": "ISFP",
   "Enneagram": "4w3",
   "Big Five": "RLUEI"
  },
  "person6": {
   "MBTI": "ESFP",
   "Enneagram": "7w8",
   "Big Five": "SLUAI"
  },
  "person7": {
   "MBTI": "ISTP",
   "Enneagram": "3w4",
   "Big Five": "RCOEN"
  }
 }
}